3/11/2026|3:58 PM|What was the best part of my day?|When I was to church|I was very happy
3/11/2026|4:13 PM|What was the most productive thing I did today?|I was typing a code today, everything is going well|Very happy for that
3/11/2026|4:17 PM|What was the most productive thing I did today?|je taper des code en C# est toute etait bien et je suis dans la joie de pouvoir programmer de tels choses je envie de continuer d etudier encore d avantage et de le mettriser|Quel joie d'avoir cette opportuniter est en faire ca, je suis emu pour ca
3/11/2026|8:51 PM|What was the best part of my day?|Je passer un bon moment avec ma famille en faisant le soiree familial.|a facon dont nous devons faire grandir nos enfants.                
3/11/2026|8:53 PM|What was the best part of my day?|no thing|4
3/12/2026|9:16 AM|What was the most productive thing I did today?|Je pense faire la rivision des materiels au magasin du departement, et checker tout      les machine comme poste a souder, cables a pince a souder ,ralonge des cables electrics desmasques a souder, cables a chalumeaux. Entraintenir les forklifts pour bien faire          la manitantion lors de decapage.    |Quant meme tout est bien passer a 60 pourcent
3/13/2026|9:07 PM|What challenge did I face today?|Today was bad day for me |Very sad
3/13/2026|9:18 PM|What did I learn today?|I learn how to write in my journal C#|I was happy
3/13/2026|9:56 PM|What was the best part of my day?|I will going to church|I'm happy today
3/13/2026|10:27 PM|If I had one thing I could do over today, what would it be?|I will doing the assignment for this week02 |Happy
3/14/2026|10:00 AM|What is something I want to remember for next year?|Je penser l annee passer preparer comment cultiver dans ma ferme organiser tout les materiel.|I was very happy for that
3/14/2026|10:02 AM|What was the best part of my day?|Allez au boulot travail un demi-journee selon me plannong pour aujourd'hui|Je contant la journee est tres bien en soleiller
3/14/2026|10:11 AM|What was the strongest emotion I felt today?|Je pense revoir tout mes devoir des BYU pour cette semaine aujourd'hui.|Je existe de le faire avec plaisir.
